{
  "summary": {
    "total_periods": 200,
    "total_cost": 11406.0,
    "total_prize": 6407.0,
    "total_profit": -4999.0,
    "roi_percentage": -43.827809924601084,
    "win_rate": 0.085
  },
  "next_period": {
    "last_period": "2026-02-04",
    "last_numbers": [
      2,
      1,
      3
    ],
    "predicted_top5": [
      6,
      2,
      8,
      5,
      3
    ],
    "recommendations": [
      [
        2,
        8,
        6
      ],
      [
        2,
        2,
        2
      ],
      [
        3,
        5,
        6
      ],
      [
        5,
        6,
        8
      ],
      [
        2,
        2,
        8
      ],
      [
        2,
        6,
        8
      ],
      [
        2,
        3,
        3
      ],
      [
        2,
        3,
        6
      ],
      [
        8,
        6,
        2
      ],
      [
        2,
        8,
        8
      ],
      [
        8,
        8,
        8
      ],
      [
        3,
        5,
        5
      ],
      [
        2,
        5,
        6
      ],
      [
        6,
        6,
        6
      ],
      [
        5,
        5,
        8
      ],
      [
        3,
        6,
        6
      ],
      [
        6,
        2,
        8
      ],
      [
        6,
        8,
        2
      ],
      [
        6,
        8,
        8
      ],
      [
        2,
        2,
        3
      ],
      [
        2,
        2,
        6
      ],
      [
        2,
        5,
        5
      ],
      [
        2,
        6,
        6
      ],
      [
        2,
        5,
        8
      ],
      [
        6,
        6,
        8
      ],
      [
        3,
        3,
        6
      ],
      [
        3,
        6,
        8
      ],
      [
        8,
        2,
        6
      ],
      [
        3,
        8,
        8
      ]
    ],
    "total_cost": 58,
    "expected_prize": 32.035,
    "expected_profit": -25.965000000000003
  }
}